{
  "train_loss": [
    264.56991631644115,
    98.51924535206386,
    53.69660350254604,
    44.69413225991385,
    41.392816645758494,
    38.44986701011658,
    36.31388453074864,
    35.14173201152256,
    34.96385530063084,
    34.38075433458601,
    38.557897329330444,
    32.28938736234392,
    32.23737760952541,
    28.52539869717189,
    28.77103407042367,
    27.431495564324514,
    26.694126640047347,
    28.022507429122925,
    27.26383454459054,
    26.839658941541398,
    28.152013063430786,
    26.954523665564402,
    26.276126316615514,
    24.633679424013412,
    25.100330352783203,
    25.153221675327845,
    24.40920172418867,
    24.187554325376237,
    22.80763861111232,
    21.945649215153285,
    22.749540993145533,
    22.038945300238474,
    22.416890450886317,
    20.776969279561722,
    22.380425793784006,
    23.180335794176376,
    21.178979345730372,
    21.791335650852748,
    22.724502904074534,
    21.095139111791337,
    20.490508573395864,
    19.696153453418187,
    20.964634197098867,
    19.780513559068954,
    19.784577097211564,
    18.85274076461792,
    19.850834437779017,
    19.13583552837372,
    18.901052015168325,
    18.069857375962393,
    18.731812528201512,
    18.058479513440812,
    17.547875932284764,
    17.350890159606934,
    17.402244312422617,
    17.409027116639272
  ],
  "val_loss": [
    250.48921585083008,
    23.27320694923401,
    28.20023488998413,
    34.900325298309326,
    41.53153038024902,
    34.88649034500122,
    26.51253318786621,
    28.633578777313232,
    24.64629030227661,
    42.38391304016113,
    20.551732063293457,
    24.46122407913208,
    29.70698070526123,
    21.03777265548706,
    20.651988983154297,
    21.51907968521118,
    20.54243278503418,
    37.440454959869385,
    20.059089183807373,
    31.154802322387695,
    27.950012683868408,
    21.28176498413086,
    20.087322235107422,
    22.021636486053467,
    26.35986614227295,
    21.933288097381592,
    25.371325969696045,
    20.313267707824707,
    20.258216857910156,
    23.490182399749756,
    23.414212703704834,
    30.225706577301025,
    22.04772663116455,
    21.614474296569824,
    20.403326511383057,
    20.097439765930176,
    20.36032485961914,
    37.297786712646484,
    20.17772102355957,
    19.13873600959778,
    18.905409336090088,
    19.48110866546631,
    21.8628568649292,
    21.041849613189697,
    22.164905071258545,
    21.0714168548584,
    19.732699394226074,
    23.557730674743652,
    19.930355548858643,
    18.68375539779663,
    19.555471897125244,
    19.26054883003235,
    22.190239906311035,
    21.54463481903076,
    21.48427724838257,
    20.123644828796387
  ],
  "val_mae": [
    49.30411148071289,
    6.170542240142822,
    7.027766704559326,
    8.3136625289917,
    9.585390090942383,
    8.324271202087402,
    6.798778057098389,
    7.191487789154053,
    6.394402980804443,
    9.806035041809082,
    5.705625057220459,
    6.790802955627441,
    7.348869323730469,
    5.919289588928223,
    5.834709167480469,
    6.1691107749938965,
    5.651048183441162,
    8.870199203491211,
    5.673349857330322,
    7.675212383270264,
    7.60282039642334,
    6.048439025878906,
    5.7660393714904785,
    6.032434940338135,
    6.695621967315674,
    6.26479434967041,
    6.521829128265381,
    5.784348487854004,
    5.626902103424072,
    6.257477760314941,
    6.178013801574707,
    7.525630474090576,
    5.998242378234863,
    5.80635404586792,
    5.781556606292725,
    5.81270694732666,
    5.600992679595947,
    8.801565170288086,
    5.558480262756348,
    5.6247239112854,
    5.4285430908203125,
    5.586668968200684,
    5.88864803314209,
    5.737534046173096,
    5.979801177978516,
    5.951549053192139,
    5.648777484893799,
    6.180339336395264,
    5.7898712158203125,
    5.405655384063721,
    5.538623332977295,
    5.542555332183838,
    5.999579429626465,
    5.862905025482178,
    5.874745845794678,
    5.696682453155518
  ],
  "val_r2": [
    -26.554115295410156,
    0.009213447570800781,
    0.07926571369171143,
    -0.19431042671203613,
    -0.500133752822876,
    -0.16338574886322021,
    0.1642444133758545,
    0.09034228324890137,
    0.2700049877166748,
    -0.538415789604187,
    0.4182242751121521,
    0.2007036805152893,
    0.07811713218688965,
    0.394467294216156,
    0.39810121059417725,
    0.35874032974243164,
    0.4160492420196533,
    -0.276153564453125,
    0.4419049620628357,
    0.008156001567840576,
    0.0722970962524414,
    0.38546615839004517,
    0.4349285960197449,
    0.3513507843017578,
    0.22040945291519165,
    0.3435736894607544,
    0.2204674482345581,
    0.41119635105133057,
    0.43396127223968506,
    0.29381823539733887,
    0.30482321977615356,
    0.015001475811004639,
    0.3487114906311035,
    0.37986087799072266,
    0.4218001365661621,
    0.4261114001274109,
    0.4322575330734253,
    -0.2355058193206787,
    0.44696855545043945,
    0.45593029260635376,
    0.48026859760284424,
    0.4422215223312378,
    0.3627006411552429,
    0.4062901735305786,
    0.3406883478164673,
    0.3811802864074707,
    0.4326719045639038,
    0.2967602610588074,
    0.4238181710243225,
    0.477935254573822,
    0.45336997509002686,
    0.4620484709739685,
    0.3654436469078064,
    0.37875163555145264,
    0.37947553396224976,
    0.42487281560897827
  ],
  "val_within_5": [
    0.004464285714285714,
    0.546875,
    0.4330357142857143,
    0.3705357142857143,
    0.28794642857142855,
    0.3638392857142857,
    0.4486607142857143,
    0.43080357142857145,
    0.4732142857142857,
    0.29017857142857145,
    0.5200892857142857,
    0.44642857142857145,
    0.4107142857142857,
    0.49776785714285715,
    0.5,
    0.46651785714285715,
    0.546875,
    0.3169642857142857,
    0.5178571428571429,
    0.3950892857142857,
    0.36830357142857145,
    0.4888392857142857,
    0.5044642857142857,
    0.49330357142857145,
    0.44642857142857145,
    0.46651785714285715,
    0.46875,
    0.5245535714285714,
    0.5379464285714286,
    0.5066964285714286,
    0.5066964285714286,
    0.41964285714285715,
    0.5245535714285714,
    0.546875,
    0.48660714285714285,
    0.5089285714285714,
    0.53125,
    0.31473214285714285,
    0.546875,
    0.5066964285714286,
    0.5357142857142857,
    0.5334821428571429,
    0.53125,
    0.5267857142857143,
    0.53125,
    0.5133928571428571,
    0.5223214285714286,
    0.5133928571428571,
    0.5022321428571429,
    0.546875,
    0.5200892857142857,
    0.5178571428571429,
    0.49107142857142855,
    0.5178571428571429,
    0.5290178571428571,
    0.5267857142857143
  ],
  "val_pred_std": [
    0.2889387309551239,
    2.203230142593384,
    5.0525360107421875,
    8.674583435058594,
    8.79872989654541,
    8.665699005126953,
    9.421768188476562,
    8.502398490905762,
    8.051789283752441,
    9.330120086669922,
    7.9883856773376465,
    7.393985271453857,
    9.124884605407715,
    8.824396133422852,
    8.87768268585205,
    8.472058296203613,
    8.765616416931152,
    8.605021476745605,
    8.140059471130371,
    8.42830753326416,
    9.339889526367188,
    8.953056335449219,
    9.048728942871094,
    9.741006851196289,
    8.298752784729004,
    9.26333999633789,
    9.189970970153809,
    8.876946449279785,
    8.968086242675781,
    9.472162246704102,
    8.991908073425293,
    9.632916450500488,
    9.382885932922363,
    8.812589645385742,
    9.662363052368164,
    8.887104034423828,
    8.716618537902832,
    8.341212272644043,
    8.308720588684082,
    8.599100112915039,
    8.619246482849121,
    8.950761795043945,
    9.358729362487793,
    8.637259483337402,
    9.711564064025879,
    9.774971961975098,
    9.212185859680176,
    9.396239280700684,
    9.039005279541016,
    8.50096607208252,
    8.914597511291504,
    8.770988464355469,
    8.795652389526367,
    9.452189445495605,
    8.814787864685059,
    9.220738410949707
  ],