{
  "train_loss": [
    257.4800455977277,
    138.56709391896317,
    53.00221885122904,
    44.44143667453673,
    40.50699336354325,
    36.60710264996784,
    35.90466220204423,
    32.55002584690001,
    31.937217479798854,
    34.844780014782415,
    32.681851642887764,
    30.18251530717059,
    32.71278465084913,
    30.913853947709246,
    28.894384523717367,
    27.600438792531083,
    26.61326440950719,
    26.105597402991318,
    29.101073474418826,
    25.19987501749178,
    29.57722877874607,
    25.767417349466463,
    26.794957835499833,
    25.005918270204127,
    24.04766450277189,
    25.053136034709652,
    26.43308169667314,
    22.020295957239664,
    23.433738615454697,
    22.57385430684904,
    20.917973169466343,
    22.273632049560547,
    22.18266342907417,
    22.09049352785436,
    21.03505911478182,
    23.890475063789182
  ],
  "val_loss": [
    267.4236551920573,
    27.535089174906414,
    32.33772087097168,
    24.768687566121418,
    24.69635772705078,
    31.008139928181965,
    23.63157908121745,
    23.178773880004883,
    24.993750890096027,
    27.29438082377116,
    27.496185302734375,
    24.28497378031413,
    35.852651596069336,
    41.64540354410807,
    28.56585439046224,
    27.778774897257488,
    27.3419189453125,
    27.462645212809246,
    22.606835683186848,
    42.75639851888021,
    21.46147282918294,
    27.12478510538737,
    30.522136052449543,
    22.215866724650066,
    23.665494918823242,
    23.02679951985677,
    22.22008450826009,
    22.13471031188965,
    22.888092676798504,
    24.04970359802246,
    22.25136121114095,
    26.28021176656087,
    25.52007293701172,
    23.091875076293945,
    25.748945871988933,
    24.822520573933918
  ],
  "val_mae": [
    55.47917175292969,
    8.035894393920898,
    8.657045364379883,
    7.173852920532227,
    7.20208215713501,
    8.348416328430176,
    6.940500259399414,
    6.857506275177002,
    7.178386688232422,
    7.7316741943359375,
    7.750401020050049,
    7.028639793395996,
    9.591861724853516,
    10.606440544128418,
    7.978769302368164,
    7.7061591148376465,
    7.596793174743652,
    7.802206993103027,
    6.651866436004639,
    10.804308891296387,
    6.54983377456665,
    7.7163777351379395,
    8.28029727935791,
    6.621540069580078,
    6.911623477935791,
    6.781142234802246,
    6.600564002990723,
    6.584887504577637,
    6.765499114990234,
    6.995741844177246,
    6.659670829772949,
    7.49713659286499,
    7.2944512367248535,
    6.839333534240723,
    7.380442142486572,
    7.21542501449585
  ],
  "val_r2": [
    -31.426475524902344,
    -0.47462332248687744,
    -0.1617506742477417,
    0.1448107361793518,
    0.12606334686279297,
    -0.13483929634094238,
    0.17578577995300293,
    0.19324380159378052,
    0.1245240569114685,
    0.00948399305343628,
    0.03375118970870972,
    0.15882337093353271,
    -0.4317396879196167,
    -0.6177634000778198,
    -0.0360713005065918,
    0.036963820457458496,
    0.04417914152145386,
    -0.020496129989624023,
    0.23808443546295166,
    -0.6668305397033691,
    0.27033352851867676,
    0.0013166069984436035,
    -0.10674786567687988,
    0.24038946628570557,
    0.17446255683898926,
    0.19382119178771973,
    0.22878074645996094,
    0.24023419618606567,
    0.22395098209381104,
    0.17465734481811523,
    0.22948330640792847,
    0.06669843196868896,
    0.1365942358970642,
    0.1780359148979187,
    0.06364399194717407,
    0.1214640736579895
  ],
  "val_within_5": [
    0.002976190476190476,
    0.46726190476190477,
    0.30952380952380953,
    0.4226190476190476,
    0.43452380952380953,
    0.3601190476190476,
    0.43154761904761907,
    0.44345238095238093,
    0.44047619047619047,
    0.4166666666666667,
    0.39285714285714285,
    0.46130952380952384,
    0.28869047619047616,
    0.24702380952380953,
    0.37797619047619047,
    0.38392857142857145,
    0.3958333333333333,
    0.4017857142857143,
    0.46726190476190477,
    0.21428571428571427,
    0.4732142857142857,
    0.38392857142857145,
    0.3541666666666667,
    0.46726190476190477,
    0.4583333333333333,
    0.47619047619047616,
    0.4732142857142857,
    0.5029761904761905,
    0.44642857142857145,
    0.4523809523809524,
    0.48214285714285715,
    0.4255952380952381,
    0.4226190476190476,
    0.46130952380952384,
    0.4255952380952381,
    0.4226190476190476
  ],
  "val_pred_std": [
    0.14137636125087738,
    2.000335931777954,
    3.143216371536255,
    6.894619941711426,
    8.436884880065918,
    9.280762672424316,
    8.928191184997559,
    9.052206039428711,
    9.92564868927002,
    10.373146057128906,
    9.659262657165527,
    9.928186416625977,
    8.559345245361328,
    8.222573280334473,
    10.003594398498535,
    8.532449722290039,
    8.862444877624512,
    9.176665306091309,
    9.03874683380127,
    8.81454849243164,
    8.456531524658203,
    10.367457389831543,
    9.362959861755371,
    9.402139663696289,
    9.506985664367676,
    9.61778736114502,
    9.83253288269043,
    9.352729797363281,
    9.076676368713379,
    9.267036437988281,
    9.73039436340332,
    9.714273452758789,
    8.89480972290039,
    9.858972549438477,
    10.257126808166504,
    9.349116325378418
  ],
  "val_n_unique": [
    9,
    85,
    125,
    192,
    211,
    208,
    197,
    203,
    212,
    209,
    201,
    207,
    202,
    190,
    203,
    195,
    190,
    198,
    197,
    190,
    190,
    202,
    197,
    188,
    209,
    205,
    201,
    193,
    196,
    199,
    194,
    196,
    193,
    201,
    205,
    198
  ]
}