{
  "train_loss": [
    250.68842397417342,
    99.14445270810809,
    48.967950275966096,
    45.33567891802107,
    40.52507908003671,
    39.84966972896031,
    35.10726012502398,
    35.073506355285645,
    33.158061606543406,
    30.62541232790266,
    30.337460381644114,
    33.74590165274484,
    28.85714316368103,
    27.813780001231603,
    29.386043276105607,
    27.760851315089635,
    29.897595473698207,
    25.087205410003662,
    25.65750755582537,
    27.051869085856847,
    26.604854004723684,
    24.701075042997086,
    26.884504113878524,
    25.714192867279053,
    27.36039318357195,
    23.880495837756566,
    22.594961506979807,
    22.97664306844984,
    22.93739870616368,
    22.918852056775773,
    22.721691182681493,
    21.93331858089992,
    21.202264138630458,
    21.45376283781869,
    21.30376156738826,
    20.297269497598922,
    20.179643716130936,
    20.18133819103241,
    19.394774522100175
  ],
  "val_loss": [
    244.25100708007812,
    23.83225154876709,
    35.227614402770996,
    23.10244083404541,
    29.97329330444336,
    34.23491191864014,
    24.35665273666382,
    41.182815074920654,
    33.4337797164917,
    22.091872215270996,
    20.677805423736572,
    18.50999665260315,
    18.921252250671387,
    21.346084594726562,
    20.497459411621094,
    21.0433931350708,
    24.84474277496338,
    20.354234218597412,
    19.653348445892334,
    19.05847430229187,
    30.236034393310547,
    22.994694232940674,
    19.517526626586914,
    17.96139621734619,
    23.054943561553955,
    19.52042007446289,
    18.83590841293335,
    21.770606994628906,
    22.14936351776123,
    19.091914176940918,
    20.766421794891357,
    19.240243434906006,
    18.9462947845459,
    19.710412979125977,
    18.980384349822998,
    19.413376808166504,
    18.251124620437622,
    20.54102087020874,
    17.973129987716675
  ],
  "val_mae": [
    50.84867477416992,
    7.016994953155518,
    9.20296573638916,
    6.703632831573486,
    8.064812660217285,
    8.796537399291992,
    6.871798992156982,
    10.30644416809082,
    8.652636528015137,
    6.426117420196533,
    6.102030277252197,
    5.751600742340088,
    5.812686443328857,
    6.475484371185303,
    6.063363075256348,
    6.326308250427246,
    6.921912670135498,
    6.221961975097656,
    5.932739734649658,
    6.002542018890381,
    7.971305847167969,
    6.548096656799316,
    6.058384418487549,
    5.642139434814453,
    6.566678524017334,
    5.85425329208374,
    5.792346000671387,
    6.246317386627197,
    6.338448524475098,
    5.8634257316589355,
    6.1193060874938965,
    5.822662353515625,
    5.821658611297607,
    5.915297031402588,
    5.7966132164001465,
    6.052628517150879,
    5.763321876525879,
    6.047270774841309,
    5.65347957611084
  ],
  "val_r2": [
    -28.25181007385254,
    0.0035892128944396973,
    -0.31840765476226807,
    0.16681206226348877,
    -0.11367034912109375,
    -0.2836592197418213,
    0.182062566280365,
    -0.6602951288223267,
    -0.2735837697982788,
    0.25648999214172363,
    0.3403875231742859,
    0.41809892654418945,
    0.39890140295028687,
    0.2958328127861023,
    0.34983760118484497,
    0.3182351589202881,
    0.1516297459602356,
    0.33638834953308105,
    0.3702608346939087,
    0.38849717378616333,
    -0.053113698959350586,
    0.2397250533103943,
    0.3824509382247925,
    0.43944674730300903,
    0.23479783535003662,
    0.38575279712677,
    0.41556280851364136,
    0.3068358302116394,
    0.28706640005111694,
    0.40557438135147095,
    0.3307715058326721,
    0.3863723874092102,
    0.4105973243713379,
    0.38944780826568604,
    0.42064517736434937,
    0.3985822796821594,
    0.42458534240722656,
    0.3546629548072815,
    0.4447949528694153
  ],
  "val_within_5": [
    0.004464285714285714,
    0.4330357142857143,
    0.26339285714285715,
    0.4642857142857143,
    0.38392857142857145,
    0.328125,
    0.4419642857142857,
    0.26785714285714285,
    0.3482142857142857,
    0.48660714285714285,
    0.4888392857142857,
    0.5357142857142857,
    0.5200892857142857,
    0.44642857142857145,
    0.49330357142857145,
    0.46875,
    0.47544642857142855,
    0.48214285714285715,
    0.5089285714285714,
    0.484375,
    0.375,
    0.48214285714285715,
    0.46651785714285715,
    0.5223214285714286,
    0.4732142857142857,
    0.5089285714285714,
    0.5245535714285714,
    0.48660714285714285,
    0.47544642857142855,
    0.5089285714285714,
    0.5022321428571429,
    0.53125,
    0.49776785714285715,
    0.49776785714285715,
    0.49330357142857145,
    0.47098214285714285,
    0.48660714285714285,
    0.5267857142857143,
    0.5200892857142857
  ],
  "val_pred_std": [
    0.24902285635471344,
    1.746612548828125,
    3.663919687271118,
    6.847603797912598,
    8.0875825881958,
    8.076628684997559,
    7.869795799255371,
    8.169054985046387,
    9.095626831054688,
    9.368624687194824,
    9.036733627319336,
    7.989289283752441,
    9.063425064086914,
    8.742436408996582,
    7.808655261993408,
    9.455150604248047,
    8.600188255310059,
    8.69785213470459,
    8.64438247680664,
    8.26658821105957,
    8.57679271697998,
    8.711207389831543,
    9.030339241027832,
    8.6076021194458,
    9.795287132263184,
    8.57639217376709,
    9.136796951293945,
    9.245832443237305,
    8.681900978088379,
    9.539826393127441,
    8.825540542602539,
    9.167564392089844,
    9.396048545837402,
    9.48827075958252,
    9.148666381835938,
    9.418328285217285,
    9.047503471374512,
    8.496384620666504,
    8.591758728027344
  ],
  "val_n_unique": [
    14,
    76,
    143,
    217,
    231,
    229,
    224,
    227,
    244,
    237,
    228,
    212,
    228,
    231,
    209,
    237,
    226,
    227,
    235,
    222,
    217,
    219,
    230,
    218,
    241,
    225,
    237,
    235,
    226,
    236,
    229,
    230,
    233,
    234,
    235,
    230,
    231,
    225,
    223
  ]
}