{
  "train_loss": [
    273.0466420243426,
    247.24523590832223,
    104.09747370277962,
    57.58151766149009,
    50.24082993298042,
    40.46018977281524,
    40.96389807724371,
    37.358910723430355,
    37.581930253563854,
    34.98312387233827,
    34.91214119515768,
    33.536601322453194,
    31.27021347604147,
    32.917161429800636,
    34.453826671693385,
    32.59065776917993,
    30.264238450585342,
    30.75183589284013,
    30.885361089939025,
    32.12127583201339,
    28.177190548036158,
    28.8311200025605,
    30.978418861947407,
    28.04174688385754,
    27.695998215093844,
    26.855211071851777,
    26.586531197152485,
    26.779246260480182,
    26.708855698748334,
    25.26029223930545,
    24.77679815524962,
    23.267563750104205,
    24.222957285439097,
    23.36842267106219
  ],
  "val_loss": [
    301.25804646809894,
    229.0767059326172,
    28.158447265625,
    22.533091862996418,
    22.66190306345622,
    43.86479187011719,
    27.193119049072266,
    55.62364832560221,
    30.56715456644694,
    29.62379773457845,
    32.341989517211914,
    24.1748784383138,
    26.19048563639323,
    21.50904115041097,
    26.936621983846027,
    30.313629786173504,
    25.631499608357746,
    23.732552846272785,
    19.476295471191406,
    20.858417510986328,
    23.672344207763672,
    24.012322107950848,
    38.323567708333336,
    21.55688540140788,
    29.859404881795246,
    21.94026788075765,
    27.706404368082683,
    23.751684188842773,
    22.696083704630535,
    25.13362757364909,
    20.087822278340656,
    27.685775756835938,
    23.448885599772137,
    24.83728790283203
  ],
  "val_mae": [
    59.91516876220703,
    45.9632453918457,
    7.451850414276123,
    6.412296772003174,
    6.45236349105835,
    10.401622772216797,
    7.188273906707764,
    12.622552871704102,
    7.86856746673584,
    7.942399501800537,
    8.09241008758545,
    6.651949882507324,
    7.195930004119873,
    6.113577842712402,
    7.267246723175049,
    7.752547264099121,
    6.799973487854004,
    6.586561679840088,
    5.775127410888672,
    6.0056257247924805,
    6.454744815826416,
    6.531483173370361,
    9.182669639587402,
    6.066034317016602,
    7.643494606018066,
    6.174801826477051,
    7.258970737457275,
    6.571351528167725,
    6.380126953125,
    6.850596904754639,
    5.89607048034668,
    7.3659234046936035,
    6.57626485824585,
    6.905123710632324
  ],
  "val_r2": [
    -36.654876708984375,
    -21.545591354370117,
    -0.03835010528564453,
    0.17504996061325073,
    0.12917160987854004,
    -0.6177133321762085,
    0.07835441827774048,
    -1.4815623760223389,
    -0.11757171154022217,
    -0.012421846389770508,
    -0.050896286964416504,
    0.20442736148834229,
    0.1415296196937561,
    0.31535279750823975,
    0.11302518844604492,
    -0.13045084476470947,
    0.18490171432495117,
    0.23360419273376465,
    0.36223018169403076,
    0.3399973511695862,
    0.2682448625564575,
    0.205760657787323,
    -0.4569166898727417,
    0.33281004428863525,
    0.0031967759132385254,
    0.2858584523200989,
    0.09739679098129272,
    0.2204883098602295,
    0.281882107257843,
    0.18661898374557495,
    0.3828376531600952,
    0.0857054591178894,
    0.2393079400062561,
    0.19655513763427734
  ],
  "val_within_5": [
    0.0,
    0.011904761904761904,
    0.40773809523809523,
    0.5386904761904762,
    0.5357142857142857,
    0.2619047619047619,
    0.47619047619047616,
    0.24404761904761904,
    0.43154761904761907,
    0.37202380952380953,
    0.36904761904761907,
    0.46130952380952384,
    0.44047619047619047,
    0.5238095238095238,
    0.40773809523809523,
    0.4642857142857143,
    0.4791666666666667,
    0.4642857142857143,
    0.5744047619047619,
    0.5267857142857143,
    0.47619047619047616,
    0.5178571428571429,
    0.3601190476190476,
    0.5297619047619048,
    0.39880952380952384,
    0.5178571428571429,
    0.45535714285714285,
    0.4732142857142857,
    0.4851190476190476,
    0.46726190476190477,
    0.5357142857142857,
    0.41964285714285715,
    0.4791666666666667,
    0.4375
  ],
  "val_pred_std": [
    0.0004402856866363436,
    0.0015387976309284568,
    0.20936672389507294,
    6.6948089599609375,
    4.673520565032959,
    8.8228120803833,
    9.684178352355957,
    10.967547416687012,
    11.176008224487305,
    8.374127388000488,
    7.191587448120117,
    9.529435157775879,
    9.059246063232422,
    9.345571517944336,
    9.067971229553223,
    11.103044509887695,
    9.134589195251465,
    9.42318058013916,
    7.118862152099609,
    9.062543869018555,
    8.617873191833496,
    9.705349922180176,
    10.028328895568848,
    8.72337532043457,
    9.340461730957031,
    9.537343978881836,
    9.005807876586914,
    10.01922607421875,
    8.64522647857666,
    10.023574829101562,
    7.734369277954102,
    10.942042350769043,
    8.83373737335205,
    9.476602554321289
  ],
  "val_n_unique": [
    1,
    1,
    13,
    102,
    105,
    190,
    190,
    213,
    203,
    144,
    162,
    182,
    173,
    166,
    153,
    199,
    190,
    171,
    100,
    162,
    182,
    176,
    205,
    160,
    199,
    158,
    189,
    165,
    148,
    175,
    143,
    195,
    139,
    191
  ]
}