{
  "train_loss": [
    265.57943889072965,
    223.69506563459123,
    95.51486103875297,
    60.735621792929514,
    61.09800549915859,
    61.54155894688198,
    60.400592122759136,
    61.26509257725307,
    52.1044808115278,
    48.43332208905901,
    43.58665030343192,
    41.9237631048475,
    42.449131625039236,
    41.378777912684846,
    38.57481486456735,
    36.809477874210906,
    38.27897776876177,
    36.8617581639971,
    35.4412715775626,
    34.59690455027989,
    33.24060671670096,
    33.54000612667629,
    31.99895981379918,
    31.418165615626744,
    30.265044689178467,
    30.307453291756765,
    31.15248131752014,
    30.460998398917063,
    29.14124526296343,
    28.37539087023054,
    28.821394034794398,
    28.85564684867859,
    27.403801918029785,
    27.21233081817627,
    28.177975348063878,
    28.11339603151594,
    27.13945201465062,
    25.956906182425364,
    26.55367350578308,
    24.730648858206614,
    24.955621344702585,
    25.314787455967494,
    23.966064861842565,
    23.26161367552621,
    23.37502728189741,
    24.15038517543248,
    23.36421847343445,
    22.843234760420664,
    22.722530024392263,
    23.326201370784215
  ],
  "val_loss": [
    288.14127349853516,
    201.1297149658203,
    58.24953365325928,
    26.933088302612305,
    31.4043550491333,
    47.014933586120605,
    26.857463836669922,
    20.492671728134155,
    20.916767835617065,
    20.509849786758423,
    20.624799728393555,
    42.25380992889404,
    36.98794460296631,
    20.316213607788086,
    21.99892520904541,
    21.831405878067017,
    23.105571269989014,
    21.232277631759644,
    20.615260124206543,
    20.90735673904419,
    19.414087533950806,
    20.236456871032715,
    19.179425954818726,
    20.979844570159912,
    19.66031050682068,
    21.171247482299805,
    22.082205295562744,
    20.81343650817871,
    19.819875240325928,
    21.618678331375122,
    20.429558753967285,
    23.23760747909546,
    26.04484796524048,
    23.625722885131836,
    16.610572576522827,
    17.310051918029785,
    18.421976327896118,
    17.568065404891968,
    19.219398975372314,
    18.18721842765808,
    26.155065536499023,
    21.003129720687866,
    17.948633432388306,
    19.92894411087036,
    24.102969646453857,
    27.33215093612671,
    18.014541387557983,
    22.805668830871582,
    24.773091316223145,
    18.74155569076538
  ],
  "val_mae": [
    57.38699722290039,
    40.5763053894043,
    13.195999145507812,
    7.218913555145264,
    8.110160827636719,
    11.016603469848633,
    7.202237129211426,
    5.892704486846924,
    5.949696063995361,
    5.858918190002441,
    5.859129905700684,
    10.084040641784668,
    9.04236125946045,
    5.96920919418335,
    6.0000152587890625,
    6.37977933883667,
    6.294811248779297,
    5.949301242828369,
    5.877838611602783,
    5.879459857940674,
    5.692549705505371,
    5.728051662445068,
    5.5867695808410645,
    6.057820796966553,
    5.633747100830078,
    6.24766206741333,
    6.157293796539307,
    5.876347064971924,
    5.741470813751221,
    6.381649494171143,
    5.847389221191406,
    6.4084296226501465,
    6.810948848724365,
    6.349630832672119,
    5.144057273864746,
    5.2974395751953125,
    5.543551921844482,
    5.319987773895264,
    5.786106586456299,
    5.491410732269287,
    6.992520809173584,
    6.121041297912598,
    5.463203430175781,
    5.762044429779053,
    6.529848575592041,
    7.083381652832031,
    5.434230327606201,
    6.334957599639893,
    6.619015216827393,
    5.55646276473999
  ],
  "val_r2": [
    -35.992183685302734,
    -17.91135597229004,
    -1.2999086380004883,
    -0.04960215091705322,
    -0.15557050704956055,
    -0.7210167646408081,
    -0.048367857933044434,
    0.1104891300201416,
    0.22470253705978394,
    0.29445385932922363,
    0.32649922370910645,
    -0.6202869415283203,
    -0.513340950012207,
    0.3384630084037781,
    0.321746289730072,
    0.2635137438774109,
    0.281049907207489,
    0.3293972611427307,
    0.33990418910980225,
    0.35354435443878174,
    0.3951156735420227,
    0.40641605854034424,
    0.38600021600723267,
    0.34510987997055054,
    0.37759464979171753,
    0.30386674404144287,
    0.2888908386230469,
    0.37366193532943726,
    0.39820200204849243,
    0.2666172981262207,
    0.37804341316223145,
    0.19150018692016602,
    0.11879974603652954,
    0.2400645613670349,
    0.4987625479698181,
    0.4708438515663147,
    0.4200305938720703,
    0.47260892391204834,
    0.40292954444885254,
    0.44292986392974854,
    0.14428019523620605,
    0.34855592250823975,
    0.443551242351532,
    0.3863371014595032,
    0.24717557430267334,
    0.12247693538665771,
    0.463134765625,
    0.26961034536361694,
    0.2100730538368225,
    0.43975830078125
  ],
  "val_within_5": [
    0.0,
    0.015625,
    0.11160714285714286,
    0.4263392857142857,
    0.3392857142857143,
    0.15401785714285715,
    0.42857142857142855,
    0.5736607142857143,
    0.5669642857142857,
    0.5602678571428571,
    0.5535714285714286,
    0.27455357142857145,
    0.38169642857142855,
    0.5513392857142857,
    0.5379464285714286,
    0.4642857142857143,
    0.5133928571428571,
    0.5379464285714286,
    0.5200892857142857,
    0.53125,
    0.53125,
    0.5424107142857143,
    0.5714285714285714,
    0.4955357142857143,
    0.578125,
    0.484375,
    0.48660714285714285,
    0.5245535714285714,
    0.5267857142857143,
    0.484375,
    0.5357142857142857,
    0.515625,
    0.49107142857142855,
    0.5178571428571429,
    0.6004464285714286,
    0.5825892857142857,
    0.5558035714285714,
    0.5736607142857143,
    0.515625,
    0.5223214285714286,
    0.43526785714285715,
    0.47767857142857145,
    0.5223214285714286,
    0.5200892857142857,
    0.4732142857142857,
    0.4330357142857143,
    0.5491071428571429,
    0.5,
    0.47544642857142855,
    0.5111607142857143
  ],
  "val_pred_std": [
    0.003617582144215703,
    0.007909247651696205,
    0.0369916632771492,
    0.0598783902823925,
    0.007547630462795496,
    0.010421945713460445,
    0.007320628501474857,
    1.8277839422225952,
    5.916719913482666,
    6.018939971923828,
    8.484323501586914,
    8.45856761932373,
    10.380145072937012,
    8.935331344604492,
    8.047161102294922,
    8.249115943908691,
    7.711359024047852,
    9.151507377624512,
    9.828351974487305,
    9.321508407592773,
    8.85201644897461,
    8.520671844482422,
    9.068084716796875,
    10.254858016967773,
    9.445111274719238,
    8.493570327758789,
    10.277559280395508,
    8.821316719055176,
    9.635631561279297,
    8.001662254333496,
    9.022767066955566,
    11.239048957824707,
    10.43315601348877,
    9.245410919189453,
    8.19629955291748,
    7.58993673324585,
    9.054818153381348,
    8.835966110229492,
    9.212722778320312,
    8.857963562011719,
    11.08155345916748,
    9.448468208312988,
    8.257899284362793,
    9.771780014038086,
    10.01624584197998,
    9.465226173400879,
    8.970287322998047,
    10.373810768127441,
    9.5136079788208,
    9.120156288146973
  ],
  "val_n_unique": [
    1,
    2,
    4,
    5,
    1,
    2,
    2,
    29,
    117,
    152,
    186,
    230,
    242,
    196,
    194,
    166,
    195,
    191,
    215,
    213,
    209,
    213,
    201,
    223,
    205,
    153,
    234,
    209,
    210,
    155,
    207,
    222,
    235,
    233,
    179,
    185,
    184,
    199,
    206,
    194,
    243,
    211,
    190,
    216,
    237,
    222,
    186,
    222,
    236,
    199
  ]
}