{
  "train_loss": [
    272.0937767959223,
    242.45449084770388,
    147.0435111813429,
    62.370805414711555,
    47.344988660114566,
    46.61858284182665,
    41.778298912978755,
    42.859803595194,
    40.03090114128299,
    38.941867084037966,
    36.03755448504192,
    36.257404234351185,
    35.76173680003097,
    36.67503575580876,
    34.171200822039346,
    34.02601428148223,
    32.208218597784274,
    31.875663012993044,
    31.48679049422101,
    32.054809058584816,
    30.150103685332507,
    29.148851720298207,
    28.08203469253168,
    31.691130428779417,
    26.935853679005692,
    29.445133209228516,
    31.96357875917016,
    27.77839148916849,
    27.42539289521008,
    25.46021749915146,
    26.767390553544207,
    26.91545607404011,
    26.266747032723774,
    25.83169858048602
  ],
  "val_loss": [
    293.15784708658856,
    240.71636454264322,
    76.09679412841797,
    27.998475392659504,
    24.26432927449544,
    36.83097585042318,
    24.992367426554363,
    21.02485466003418,
    18.905588785807293,
    24.668169657389324,
    21.133941014607746,
    21.883519172668457,
    20.149174054463703,
    24.809104919433594,
    21.105934143066406,
    29.28479766845703,
    24.178009033203125,
    26.853174845377605,
    18.379493077596027,
    26.613086064656574,
    27.22283109029134,
    21.307822545369465,
    20.93193181355794,
    21.959585825602215,
    23.356069564819336,
    24.884531021118164,
    20.713905334472656,
    19.345099767049152,
    25.233976364135742,
    20.27371597290039,
    23.699169794718426,
    27.872730890909832,
    24.21421941121419,
    18.719510078430176
  ],
  "val_mae": [
    58.35009765625,
    48.21568298339844,
    16.620283126831055,
    7.192599296569824,
    6.481135845184326,
    9.082818984985352,
    6.670982837677002,
    6.099002838134766,
    5.643950462341309,
    6.710038661956787,
    6.019143104553223,
    6.202261924743652,
    5.961808681488037,
    6.720953941345215,
    6.088927268981934,
    7.671475410461426,
    6.634829521179199,
    7.1131510734558105,
    5.4908671379089355,
    7.292100429534912,
    7.267862796783447,
    5.997625827789307,
    6.103616714477539,
    6.174990653991699,
    6.506779193878174,
    6.946393013000488,
    5.984426498413086,
    5.687883377075195,
    6.818490028381348,
    5.874521732330322,
    6.494752407073975,
    7.281907081604004,
    6.587560176849365,
    5.59154748916626
  ],
  "val_r2": [
    -34.764892578125,
    -23.723648071289062,
    -2.2154974937438965,
    0.03719818592071533,
    0.2517545819282532,
    -0.15718507766723633,
    0.239845871925354,
    0.3115817904472351,
    0.4063172936439514,
    0.14655208587646484,
    0.29309290647506714,
    0.28875190019607544,
    0.3055022358894348,
    0.12900519371032715,
    0.2916606068611145,
    -0.06945610046386719,
    0.19401788711547852,
    0.02295130491256714,
    0.4367688298225403,
    0.04224085807800293,
    0.050420522689819336,
    0.3355225920677185,
    0.29143375158309937,
    0.3009892702102661,
    0.22235530614852905,
    0.10387015342712402,
    0.3491811752319336,
    0.3905715346336365,
    0.12244713306427002,
    0.3418223261833191,
    0.22482120990753174,
    -0.03773057460784912,
    0.18962299823760986,
    0.3878539204597473
  ],
  "val_within_5": [
    0.0,
    0.008928571428571428,
    0.0625,
    0.4523809523809524,
    0.4494047619047619,
    0.23809523809523808,
    0.42857142857142855,
    0.5654761904761905,
    0.6041666666666666,
    0.5119047619047619,
    0.5505952380952381,
    0.5386904761904762,
    0.5505952380952381,
    0.5238095238095238,
    0.5416666666666666,
    0.4583333333333333,
    0.49702380952380953,
    0.4791666666666667,
    0.5744047619047619,
    0.46726190476190477,
    0.4851190476190476,
    0.5297619047619048,
    0.5386904761904762,
    0.5238095238095238,
    0.5089285714285714,
    0.45535714285714285,
    0.5327380952380952,
    0.5505952380952381,
    0.49107142857142855,
    0.5595238095238095,
    0.49107142857142855,
    0.4851190476190476,
    0.49702380952380953,
    0.5863095238095238
  ],
  "val_pred_std": [
    0.002644746098667383,
    0.006457001436501741,
    0.014279843308031559,
    5.44883394241333,
    7.400283336639404,
    5.428285121917725,
    7.200626850128174,
    8.211703300476074,
    7.328059196472168,
    10.099477767944336,
    9.868692398071289,
    8.423064231872559,
    6.027853012084961,
    10.353015899658203,
    9.110726356506348,
    10.553908348083496,
    9.235608100891113,
    10.56062126159668,
    7.112697124481201,
    10.753644943237305,
    10.79118824005127,
    8.314180374145508,
    8.364590644836426,
    9.10312557220459,
    9.973213195800781,
    7.133998394012451,
    8.7059326171875,
    8.177762031555176,
    11.302029609680176,
    8.730847358703613,
    9.862787246704102,
    11.647838592529297,
    10.339180946350098,
    7.833994388580322
  ],
  "val_n_unique": [
    1,
    1,
    2,
    125,
    149,
    146,
    164,
    168,
    134,
    183,
    158,
    172,
    133,
    187,
    172,
    204,
    193,
    195,
    130,
    200,
    204,
    166,
    163,
    187,
    183,
    145,
    167,
    165,
    200,
    174,
    203,
    202,
    189,
    153
  ]
}