{
  "train_loss": [
    272.08702305385043,
    202.15305655343192,
    59.70679548808506,
    47.88390166418893,
    43.333770751953125,
    43.065693208149504,
    40.20136359759739,
    38.46315509932382,
    36.278397526059834,
    36.513291767665315,
    32.781071765082224,
    32.37760673250471,
    32.39217846734183,
    30.84701762880598,
    32.85416691643851,
    30.04303084100996,
    29.579742908477783,
    27.8414592061724,
    29.059412615639822,
    27.13889193534851,
    29.34483810833522,
    25.79990448270525,
    25.81230776650565,
    25.924952336720057,
    26.29684111050197,
    24.236077887671335,
    24.48779296875,
    23.646764312471664,
    23.581551824297225,
    23.63757542201451,
    23.20270824432373,
    24.203487770898,
    22.620620846748352,
    23.15156548363822,
    21.65718466894967,
    22.63808149950845,
    22.650682142802648,
    20.852224571364268,
    22.017128126961843,
    21.482074362891062,
    21.433519107954844,
    20.099756922040665,
    20.054768477167404,
    19.033262627465383,
    20.31005389349801
  ],
  "val_loss": [
    294.06954193115234,
    89.3066520690918,
    30.335917472839355,
    22.84678077697754,
    18.403680086135864,
    23.07711696624756,
    27.55825424194336,
    19.949557065963745,
    20.24487543106079,
    19.670881986618042,
    21.69793128967285,
    20.88507843017578,
    22.49199151992798,
    29.174649715423584,
    20.73798179626465,
    16.994625329971313,
    18.620035886764526,
    18.981727361679077,
    19.72223448753357,
    17.849280834197998,
    17.08269166946411,
    25.812511444091797,
    21.742336750030518,
    19.269612550735474,
    19.195091009140015,
    18.53586721420288,
    19.851768493652344,
    24.501386642456055,
    28.87256097793579,
    16.343377828598022,
    31.923709869384766,
    18.371264696121216,
    18.786771535873413,
    29.07396411895752,
    20.900529861450195,
    20.702743530273438,
    22.545358657836914,
    20.877522468566895,
    19.371450424194336,
    19.222082376480103,
    25.203697681427002,
    19.568665027618408,
    23.290849208831787,
    19.78643274307251,
    19.272985458374023
  ],
  "val_mae": [
    58.53252410888672,
    19.103666305541992,
    7.867679595947266,
    6.2734551429748535,
    5.445545673370361,
    6.286431789398193,
    7.34242582321167,
    5.921962261199951,
    5.995323181152344,
    5.803832530975342,
    6.08971643447876,
    5.921690940856934,
    6.128093242645264,
    7.549138069152832,
    5.894719123840332,
    5.250004768371582,
    5.54451847076416,
    5.729966163635254,
    6.01732873916626,
    5.382846832275391,
    5.304193019866943,
    6.950644016265869,
    5.960148811340332,
    5.674182415008545,
    5.653326988220215,
    5.405220031738281,
    5.887027263641357,
    6.949522972106934,
    7.564412593841553,
    5.075537204742432,
    7.916733741760254,
    5.546428203582764,
    5.527477741241455,
    7.318629741668701,
    5.99664306640625,
    5.881397724151611,
    6.201650142669678,
    6.140133380889893,
    5.698664665222168,
    5.66989803314209,
    6.684893608093262,
    5.718758583068848,
    6.58320951461792,
    5.882485389709473,
    5.830302715301514
  ],
  "val_r2": [
    -37.44344711303711,
    -3.4217586517333984,
    -0.105904221534729,
    0.2260422706604004,
    0.3624004125595093,
    0.2580288052558899,
    0.0017414093017578125,
    0.34140557050704956,
    0.33712947368621826,
    0.38359928131103516,
    0.3386261463165283,
    0.3476995825767517,
    0.2923473119735718,
    -0.05001533031463623,
    0.36608147621154785,
    0.4821320176124573,
    0.44164329767227173,
    0.4196869134902954,
    0.3690459728240967,
    0.4627213478088379,
    0.49035513401031494,
    0.10772120952606201,
    0.3426210880279541,
    0.43054652214050293,
    0.42613112926483154,
    0.4692552089691162,
    0.39489662647247314,
    0.21119964122772217,
    -0.05596327781677246,
    0.5362871885299683,
    -0.11638402938842773,
    0.4532621502876282,
    0.4549955129623413,
    0.032008349895477295,
    0.35738879442214966,
    0.37258243560791016,
    0.27874547243118286,
    0.3360382318496704,
    0.4085395336151123,
    0.4224676489830017,
    0.19549131393432617,
    0.3997344970703125,
    0.2668091654777527,
    0.3790270686149597,
    0.3845762610435486
  ],
  "val_within_5": [
    0.0,
    0.03571428571428571,
    0.34151785714285715,
    0.5290178571428571,
    0.6071428571428571,
    0.49330357142857145,
    0.43080357142857145,
    0.5223214285714286,
    0.5,
    0.53125,
    0.515625,
    0.5267857142857143,
    0.5267857142857143,
    0.42857142857142855,
    0.5267857142857143,
    0.5803571428571429,
    0.5758928571428571,
    0.5223214285714286,
    0.49330357142857145,
    0.5647321428571429,
    0.5513392857142857,
    0.484375,
    0.5401785714285714,
    0.5446428571428571,
    0.5379464285714286,
    0.5736607142857143,
    0.5044642857142857,
    0.4174107142857143,
    0.4575892857142857,
    0.6004464285714286,
    0.40625,
    0.5334821428571429,
    0.5424107142857143,
    0.43080357142857145,
    0.5111607142857143,
    0.5357142857142857,
    0.5178571428571429,
    0.4732142857142857,
    0.5401785714285714,
    0.5267857142857143,
    0.47544642857142855,
    0.5290178571428571,
    0.46205357142857145,
    0.49776785714285715,
    0.5178571428571429
  ],
  "val_pred_std": [
    0.0007447890238836408,
    0.002673368901014328,
    0.7090497612953186,
    6.8131585121154785,
    7.168985843658447,
    7.832061290740967,
    11.360490798950195,
    7.747528553009033,
    9.427974700927734,
    8.883661270141602,
    7.958485126495361,
    8.832978248596191,
    9.184324264526367,
    10.331975936889648,
    9.456811904907227,
    6.85586404800415,
    8.997119903564453,
    8.688862800598145,
    9.56661319732666,
    8.490936279296875,
    8.402372360229492,
    11.124370574951172,
    9.348379135131836,
    8.762752532958984,
    9.430922508239746,
    8.448123931884766,
    8.777324676513672,
    10.981527328491211,
    11.212113380432129,
    7.944018363952637,
    9.76025676727295,
    8.875866889953613,
    9.450332641601562,
    10.703673362731934,
    9.538989067077637,
    9.569228172302246,
    9.85134220123291,
    8.085668563842773,
    8.727750778198242,
    8.926119804382324,
    10.089491844177246,
    9.603999137878418,
    10.624822616577148,
    9.545293807983398,
    8.357665061950684
  ],
  "val_n_unique": [
    1,
    1,
    37,
    156,
    92,
    177,
    249,
    156,
    179,
    201,
    206,
    213,
    217,
    245,
    214,
    142,
    205,
    183,
    140,
    178,
    180,
    237,
    215,
    213,
    216,
    184,
    196,
    217,
    243,
    166,
    226,
    164,
    183,
    234,
    203,
    209,
    201,
    160,
    195,
    188,
    235,
    198,
    221,
    186,
    155
  ]
}