{"slope": 0.377817070096077, "intercept": 46.65846382625993}