{"slope": 0.7519074833887579, "intercept": 20.656191653036572}