{
  "train_loss": [
    269.626141431855,
    133.46226668939357,
    55.47128072599085,
    48.12310800319764,
    44.42239193800019,
    40.19728935055616,
    37.48375794945694,
    37.055039289521005,
    36.59818030566704,
    33.16599427199945,
    31.8726636840076,
    32.67901597371915,
    35.59814774117819,
    30.132806405788514,
    30.92242687504466,
    27.227059108455006,
    28.227877919266863,
    28.252136044385956,
    28.515570152096632,
    28.328311734083222,
    26.29592569862924,
    25.78340525743438,
    27.02880063871058,
    27.60704119612531,
    25.041031977025472,
    23.78582786932224,
    25.314166324894604,
    24.297416547449625,
    24.191689421490924,
    27.220071071531713,
    23.994852810371214,
    24.488605313184785,
    24.934134134432163,
    22.942027487405916,
    22.5862923598871,
    22.987735794811712,
    24.62196494311821,
    21.877277211445133,
    23.46786026838349,
    21.846926154159917,
    23.769437208408263,
    22.115079647157252,
    21.682955695361628
  ],
  "val_loss": [
    277.07493082682294,
    25.333218892415363,
    36.06953684488932,
    44.452945709228516,
    33.88223203023275,
    27.179880142211914,
    25.04955291748047,
    25.7398681640625,
    27.79938570658366,
    29.703868865966797,
    28.795691172281902,
    25.784170150756836,
    26.576701482137043,
    29.500782648722332,
    26.275381088256836,
    44.852684020996094,
    24.36477216084798,
    31.124842325846355,
    26.308111826578777,
    29.634369532267254,
    25.635784149169922,
    27.140218098958332,
    35.35647773742676,
    29.23154894510905,
    27.165456771850586,
    25.216612497965496,
    27.350997924804688,
    22.932666142781574,
    27.321534474690754,
    28.913225173950195,
    28.648142496744793,
    25.754689534505207,
    26.918039957682293,
    25.59937858581543,
    27.085628509521484,
    36.15609359741211,
    28.573455810546875,
    24.12989044189453,
    28.917325973510742,
    24.587619145711262,
    30.456926981608074,
    24.39806874593099,
    26.321683247884113
  ],
  "val_mae": [
    54.36381149291992,
    6.553919315338135,
    8.582377433776855,
    10.113739967346191,
    8.146985054016113,
    7.206951141357422,
    6.606293678283691,
    6.723143100738525,
    7.083085060119629,
    7.643850326538086,
    7.340700626373291,
    6.77963924407959,
    6.852365493774414,
    7.4254984855651855,
    6.8124260902404785,
    10.309870719909668,
    6.429823398590088,
    7.801173686981201,
    6.883528709411621,
    7.578554630279541,
    6.677998065948486,
    7.060627460479736,
    8.854995727539062,
    7.554972171783447,
    6.938300609588623,
    6.640940189361572,
    6.926355361938477,
    6.143268585205078,
    7.034653663635254,
    7.484621524810791,
    7.277393817901611,
    6.783905029296875,
    6.977142333984375,
    6.692952632904053,
    7.050328731536865,
    8.9107027053833,
    7.206118106842041,
    6.432869911193848,
    7.289568901062012,
    6.548923969268799,
    7.705137729644775,
    6.437139511108398,
    6.785402774810791
  ],
  "val_r2": [
    -30.174962997436523,
    0.009034872055053711,
    -0.1395878791809082,
    -0.5096460580825806,
    -0.030227065086364746,
    0.14067703485488892,
    0.25651514530181885,
    0.24138838052749634,
    0.16065824031829834,
    0.03302103281021118,
    0.1234998106956482,
    0.21164190769195557,
    0.17861568927764893,
    0.0805978775024414,
    0.21596330404281616,
    -0.6193554401397705,
    0.29501235485076904,
    -0.009288787841796875,
    0.20111852884292603,
    0.061080992221832275,
    0.23647522926330566,
    0.1658969521522522,
    -0.24354946613311768,
    0.04816114902496338,
    0.1680009365081787,
    0.25284427404403687,
    0.19053643941879272,
    0.3152802586555481,
    0.13929998874664307,
    0.06045651435852051,
    0.12869691848754883,
    0.18980973958969116,
    0.16515719890594482,
    0.2324662208557129,
    0.13281887769699097,
    -0.30764317512512207,
    0.1481173038482666,
    0.2688450217247009,
    0.09497994184494019,
    0.24299901723861694,
    -0.024796009063720703,
    0.28315216302871704,
    0.21224021911621094
  ],
  "val_within_5": [
    0.002976190476190476,
    0.5178571428571429,
    0.31547619047619047,
    0.2767857142857143,
    0.34523809523809523,
    0.4523809523809524,
    0.4791666666666667,
    0.4494047619047619,
    0.43452380952380953,
    0.43154761904761907,
    0.39285714285714285,
    0.45535714285714285,
    0.48214285714285715,
    0.4107142857142857,
    0.44345238095238093,
    0.2857142857142857,
    0.4880952380952381,
    0.4107142857142857,
    0.42857142857142855,
    0.39285714285714285,
    0.46726190476190477,
    0.44345238095238093,
    0.3392857142857143,
    0.41964285714285715,
    0.44642857142857145,
    0.4583333333333333,
    0.4642857142857143,
    0.49702380952380953,
    0.43452380952380953,
    0.4166666666666667,
    0.4107142857142857,
    0.46130952380952384,
    0.44345238095238093,
    0.4851190476190476,
    0.4583333333333333,
    0.35119047619047616,
    0.4226190476190476,
    0.49404761904761907,
    0.43452380952380953,
    0.4791666666666667,
    0.38392857142857145,
    0.48214285714285715,
    0.4642857142857143
  ],
  "val_pred_std": [
    0.1762779802083969,
    1.84065580368042,
    3.1631438732147217,
    6.797757625579834,
    7.710076332092285,
    8.450153350830078,
    8.174785614013672,
    8.78627872467041,
    8.9926176071167,
    9.630105018615723,
    9.952765464782715,
    9.392208099365234,
    9.331026077270508,
    10.24118423461914,
    9.409578323364258,
    9.645039558410645,
    8.771759033203125,
    10.367118835449219,
    10.098677635192871,
    10.12276840209961,
    9.592260360717773,
    9.75413990020752,
    9.381207466125488,
    9.762591361999512,
    10.159234046936035,
    8.812578201293945,
    8.996720314025879,
    8.490418434143066,
    10.46777629852295,
    9.93046760559082,
    8.800918579101562,
    8.944852828979492,
    10.30429744720459,
    9.651480674743652,
    10.183865547180176,
    9.426399230957031,
    8.89852237701416,
    9.159590721130371,
    10.029964447021484,
    9.19337272644043,
    9.785760879516602,
    9.314343452453613,
    9.496757507324219
  ],
  "val_n_unique": [
    10,
    79,
    121,
    188,
    192,
    201,
    196,
    199,
    196,
    209,
    211,
    203,
    198,
    221,
    209,
    200,
    194,
    205,
    211,
    199,
    197,
    198,
    190,
    203,
    200,
    193,
    191,
    187,
    206,
    205,
    196,
    193,
    202,
    199,
    206,
    196,
    198,
    187,
    204,
    197,
    208,
    196,
    199
  ],
  "val_cls_acc": [
    0.10714285714285714,
    0.10714285714285714,
    0.05357142857142857,
    0.10714285714285714,
    0.13988095238095238,
    0.17559523809523808,
    0.17559523809523808,
    0.1636904761904762,
    0.17559523809523808,
    0.16964285714285715,
    0.15178571428571427,
    0.1875,
    0.17261904761904762,
    0.15773809523809523,
    0.17857142857142858,
    0.18452380952380953,
    0.17261904761904762,
    0.16071428571428573,
    0.17857142857142858,
    0.17857142857142858,
    0.17261904761904762,
    0.16666666666666666,
    0.16071428571428573,
    0.16666666666666666,
    0.17559523809523808,
    0.15476190476190477,
    0.16964285714285715,
    0.14583333333333334,
    0.1636904761904762,
    0.16071428571428573,
    0.16071428571428573,
    0.16071428571428573,
    0.16666666666666666,
    0.17261904761904762,
    0.16071428571428573,
    0.16071428571428573,
    0.1636904761904762,
    0.15476190476190477,
    0.16964285714285715,
    0.15773809523809523,
    0.16071428571428573,
    0.16666666666666666,
    0.16071428571428573
  ],